{"cameraMode":{"drawMode":0,"name":"Shaded","section":"Shading Mode"},"sceneLighting":true,"audioPlay":false,"sceneViewState":{"m_AlwaysRefresh":false,"showFog":true,"showSkybox":true,"showFlares":true,"showImageEffects":true,"showParticleSystems":true,"showVisualEffectGraphs":true,"m_FxEnabled":true},"in2DMode":false,"pivot":{"x":-0.49950432777404787,"y":0.039999961853027347,"z":5.377557277679443},"rotation":{"x":0.05131673440337181,"y":0.9303966760635376,"z":-0.3337201774120331,"w":0.14286968111991883},"size":0.6531587243080139,"orthographic":false}