{"cameraMode":{"drawMode":0,"name":"Shaded","section":"Shading Mode"},"sceneLighting":true,"audioPlay":false,"sceneViewState":{"m_AlwaysRefresh":false,"showFog":true,"showSkybox":true,"showFlares":true,"showImageEffects":true,"showParticleSystems":true,"showVisualEffectGraphs":true,"m_FxEnabled":true},"in2DMode":false,"pivot":{"x":1.4086627960205079,"y":0.36850449442863467,"z":-37.36626052856445},"rotation":{"x":0.0003229213471058756,"y":0.9917597770690918,"z":-0.0023788148537278177,"w":0.12891913950443269},"size":0.5153428912162781,"orthographic":false}