{"cameraMode":{"drawMode":0,"name":"Shaded","section":"Shading Mode"},"sceneLighting":false,"audioPlay":false,"sceneViewState":{"m_AlwaysRefresh":false,"showFog":true,"showSkybox":false,"showFlares":true,"showImageEffects":true,"showParticleSystems":true,"showVisualEffectGraphs":true,"m_FxEnabled":true},"in2DMode":false,"pivot":{"x":-0.03170722723007202,"y":-0.05818280577659607,"z":2.4673256874084474},"rotation":{"x":-0.13907797634601594,"y":-0.7894017696380615,"z":0.19386859238147736,"w":-0.5657406449317932},"size":1.6341842412948609,"orthographic":false}